Argentinian,Belgian
Argentinian,English
Argentinian,Spanish
Argentinian,Spanish
Argentinian,Turkish
Argentinian,Brazilian
Argentinian,French
Argentinian,Greek
Argentinian,Belgian
Argentinian,Belgian
Argentinian,Turkish
Argentinian,Brazilian
Argentinian,Greek
Argentinian,Spanish
Argentinian,Greek
Argentinian,Italian
Argentinian,Greek
Argentinian,Italian
Argentinian,French
Argentinian,Russian
Argentinian,Spanish
Argentinian,Brazilian
Argentinian,Greek
Norwegian,Danish
Danish,Swedish
Danish,Spanish
Danish,Norwegian
Danish,German
Swedish,Danish
Danish,French
Swedish,Danish
Norwegian,Danish
Danish,French
Danish,Norwegian
Swedish,Danish
Danish,Norwegian
Danish,Italian
Danish,Norwegian
Danish,German
Danish,Dutch
Norwegian,Danish
Danish,Norwegian
Danish,Swedish
Danish,Norwegian
Danish,Polish
Norwegian,Danish
Irish,Scottish
Irish,English
Irish,Scottish
Irish,Scottish
Irish,Scottish
Irish,Scottish
Irish,Scottish
Portuguese,Polish
Portuguese,Spanish
Portuguese,Spanish
Portuguese,Brazilian
Portuguese,Brazilian
Portuguese,Dutch
Portuguese,English
Portuguese,Greek
Portuguese,English
Portuguese,Spanish
Portuguese,Spanish
Portuguese,Brazilian
Portuguese,Greek
Portuguese,English
Brazilian,Portuguese
Portuguese,English
Portuguese,Japanese
Portuguese,Japanese
Portuguese,Polish
Portuguese,Greek
Portuguese,English
Portuguese,German
Portuguese,German
Portuguese,Russian
Portuguese,Belgian
Portuguese,Greek
Portuguese,English
Portuguese,Greek
Portuguese,Brazilian
Portuguese,Russian
Portuguese,French
Portuguese,Turkish
Portuguese,Greek
Portuguese,Polish
Portuguese,Greek
Portuguese,Russian
Portuguese,Belgian
Ukrainian,French
Ukrainian,Russian
Ukrainian,Russian
Ukrainian,Russian
Ukrainian,Greek
Ukrainian,English
Ukrainian,English
Ukrainian,Turkish
Ukrainian,Russian
Australian,German
Australian,German
Australian,Turkish
Australian,Japanese
Australian,Danish
English,Spanish
English,Spanish
English,French
English,Scottish
English,Belgian
English,French
English,Spanish
English,Belgian
Norwegian,English
English,Danish
English,Spanish
English,Spanish
Russian,Spanish
English,Italian
English,Scottish
English,Italian
English,Irish
USA,English
English,Danish
English,Dutch
English,French
English,Spanish
English,Spanish
English,Norwegian
English,Turkish
English,Spanish
English,Belgian
English,Danish
English,Scottish
English,Spanish
English,Danish
English,Italian
English,Scottish
English,Italian
English,Spanish
English,Belgian
English,Portuguese
English,Greek
English,French
English,Scottish
English,Greek
English,Dutch
English,Dutch
English,Turkish
English,Spanish
English,USA
Norwegian,English
English,Italian
Italian,Argentinian
Italian,English
Italian,Brazilian
Italian,Dutch
Italian,Spanish
Italian,Spanish
Italian,Spanish
Italian,Dutch
Brazilian,Italian
Italian,English
Italian,Spanish
Italian,Dutch
Italian,Brazilian
Italian,English
Italian,French
Italian,Portuguese
Italian,English
Italian,Spanish
Italian,English
Italian,Belgian
Italian,Brazilian
Russian,Danish
Russian,Ukrainian
Russian,Ukrainian
Russian,Ukrainian
Russian,Polish
Russian,German
Russian,Ukrainian
Russian,Ukrainian
Russian,Portuguese
Russian,Spanish
Russian,Portuguese
Russian,Turkish
Russian,English
Russian,Brazilian
Russian,French
Russian,Ukrainian
Russian,Turkish
Russian,Scottish
Russian,Ukrainian
USA,Dutch
USA,Norwegian
USA,Danish
USA,Argentinian
USA,Austrian
USA,Dutch
USA,English
USA,Danish
Austrian,Italian
Austrian,Greek
Austrian,USA
Austrian,Dutch
Austrian,Greek
Austrian,Scottish
Austrian,Dutch
Austrian,Belgian
Austrian,Portuguese
Austrian,Scottish
Austrian,Greek
Austrian,Japanese
Austrian,Greek
French,Turkish
French,Spanish
French,Turkish
French,Spanish
Brazilian,French
French,Argentinian
French,Belgian
French,Belgian
French,Spanish
French,English
French,Brazilian
French,Spanish
French,Portuguese
French,English
French,Turkish
French,German
French,Belgian
French,Spanish
French,Italian
French,Dutch
French,Spanish
French,German
French,Belgian
French,English
French,Italian
French,German
French,English
French,Italian
French,Portuguese
French,English
French,Portuguese
French,Belgian
French,English
French,German
French,Portuguese
French,German
French,German
French,German
French,Italian
French,Austrian
French,English
Japanese,Brazilian
Japanese,French
Japanese,Austrian
Japanese,Italian
Japanese,Austrian
Japanese,Italian
Japanese,Brazilian
Japanese,Brazilian
Japanese,Italian
Japanese,Austrian
Scottish,Dutch
Scottish,English
Scottish,Australian
Scottish,Brazilian
Scottish,USA
Scottish,Greek
Scottish,Greek
Scottish,Russian
Scottish,English
Scottish,German
Scottish,French
Scottish,French
Scottish,English
Belgian,Dutch
Belgian,French
Belgian,Italian
Belgian,Greek
Belgian,German
Belgian,Turkish
Belgian,Ukrainian
Belgian,Dutch
Belgian,Greek
Belgian,Norwegian
Belgian,Spanish
Belgian,Dutch
Belgian,Dutch
Belgian,Spanish
Belgian,Spanish
Belgian,Dutch
Belgian,Dutch
Belgian,Dutch
Belgian,Ukrainian
Belgian,Hungarian
Belgian,Dutch
Belgian,Brazilian
Belgian,Ukrainian
Belgian,Dutch
Belgian,Turkish
Belgian,English
Belgian,German
Belgian,Portuguese
Belgian,Russian
Swedish,German
German,English
German,Brazilian
German,English
German,French
German,Spanish
German,Dutch
German,Dutch
German,Austrian
German,Danish
German,Dutch
German,Dutch
German,Belgian
German,Dutch
German,Austrian
German,English
German,Danish
German,Chinese
German,Austrian
German,Austrian
German,Swedish
German,Brazilian
German,Norwegian
Brazilian,German
German,Turkish
German,Spanish
German,Danish
German,French
German,Belgian
German,Belgian
German,Dutch
German,French
Dutch,Scottish
Dutch,English
Dutch,Austrian
Dutch,English
Dutch,German
Dutch,German
Dutch,Spanish
Dutch,German
Dutch,German
Dutch,English
Dutch,English
Dutch,French
Dutch,English
Dutch,Scottish
Dutch,Danish
Dutch,German
Dutch,Danish
Dutch,Japanese
Dutch,Belgian
Dutch,Australian
Dutch,Austrian
Dutch,German
Dutch,English
Dutch,Scottish
Dutch,English
Dutch,Danish
Dutch,Australian
Dutch,German
Dutch,Belgian
Dutch,Belgian
Dutch,Belgian
Dutch,Greek
Dutch,Ukrainian
Dutch,Turkish
Dutch,Scottish
Dutch,German
Dutch,Greek
Dutch,Portuguese
Dutch,USA
Dutch,French
Dutch,Portuguese
Spanish,Swedish
Spanish,German
Spanish,Dutch
Spanish,Dutch
Brazilian,Dutch
Spanish,Italian
Spanish,Portuguese
Spanish,Argentinian
Spanish,English
Spanish,Portuguese
Spanish,Brazilian
Spanish,English
Spanish,Portuguese
Spanish,Portuguese
Spanish,Italian
Spanish,Argentinian
Spanish,Argentinian
Spanish,Italian
Spanish,Argentinian
Spanish,Scottish
Spanish,Belgian
Spanish,French
Spanish,English
Spanish,Italian
Brazilian,Spanish
Spanish,Scottish
Spanish,English
Spanish,English
Spanish,English
Spanish,French
Spanish,English
Spanish,Dutch
Spanish,Dutch
Spanish,German
Spanish,Turkish
Brazilian,Spanish
Brazilian,Polish
Brazilian,Swedish
Brazilian,Japanese
Brazilian,Turkish
Brazilian,Portuguese
Brazilian,English
Brazilian,Spanish
Brazilian,English
Brazilian,Turkish
Brazilian,Japanese
Brazilian,Russian
Brazilian,Portuguese
Brazilian,French
Brazilian,Portuguese
Brazilian,Portuguese
Brazilian,Turkish
Brazilian,French
Brazilian,Turkish
Brazilian,Portuguese
Brazilian,Spanish
Brazilian,Portuguese
Brazilian,Danish
Brazilian,Swedish
Brazilian,French
Brazilian,German
Brazilian,Portuguese
Brazilian,Ukrainian
Brazilian,Japanese
Brazilian,Chinese
Brazilian,Turkish
Brazilian,Turkish
Brazilian,French
Brazilian,German
Brazilian,Japanese
Brazilian,Portuguese
Greek,Swedish
Greek,Belgian
Greek,German
Greek,Danish
Greek,Ukrainian
Greek,French
Greek,Dutch
Greek,Turkish
Greek,Dutch
Greek,Hungarian
Greek,Scottish
Norwegian,Irish
Norwegian,Belgian
Norwegian,Scottish
Norwegian,Danish
Norwegian,German
Norwegian,Danish
Norwegian,Danish
Norwegian,English
Norwegian,Dutch
Norwegian,Swedish
Norwegian,Belgian
Norwegian,Danish
Norwegian,Japanese
Norwegian,Swedish
Norwegian,Swedish
Norwegian,Dutch
Norwegian,Swedish
Norwegian,Swedish
Norwegian,French
Swedish,Danish
Swedish,Dutch
Swedish,Scottish
Swedish,Danish
Swedish,Danish
Swedish,Belgian
Swedish,Norwegian
Swedish,English
Swedish,Danish
Swedish,English
Swedish,Danish
Swedish,Danish
Swedish,Danish
Swedish,Norwegian
Swedish,Portuguese
Swedish,Norwegian
Swedish,Norwegian
Swedish,Dutch
Swedish,Danish
Swedish,Danish
Swedish,Austrian
Swedish,Danish
Swedish,Danish
Swedish,Norwegian
Hungarian,English
Hungarian,Turkish
Hungarian,Austrian
Hungarian,Danish
Hungarian,Polish
Hungarian,English
Hungarian,Belgian
Hungarian,Portuguese
Polish,Turkish
Polish,Belgian
Polish,Turkish
Polish,French
Polish,Hungarian
Polish,Portuguese
Polish,Russian
Polish,Portuguese
Polish,Portuguese
Polish,French
Turkish,Belgian
Turkish,Belgian
Turkish,French
Turkish,French
Turkish,Polish
Turkish,Austrian
Turkish,Belgian
Turkish,French
Turkish,Brazilian
Turkish,Russian
